﻿<?xml version="1.0" encoding="utf-8"?>
<ImportExportXml xmlns:xsi="http://www.w3.org/2001/XMLSchema-instance">
  <Entities />
  <Roles />
  <Workflows />
  <FieldSecurityProfiles />
  <Templates />
  <EntityMaps />
  <EntityRelationships />
  <OrganizationSettings />
  <optionsets />
  <Dashboards>
    <Dashboard>
      <LocalizedNames>
        <LocalizedName description="Retention" languagecode="1033" />
      </LocalizedNames>
      <FormId>{76ce87c8-d1aa-e711-8106-c4346bdc2171}</FormId>
      <IsCustomizable>1</IsCustomizable>
      <IsDefault>0</IsDefault>
      <FormXml>
        <forms type="dashboard">
          <form>
            <tabs>
              <tab showlabel="false" verticallayout="true" id="{eb942ce5-9e17-4171-9575-9cdd4051975f}">
                <labels>
                  <label description="Tab" languagecode="1033" />
                </labels>
                <columns>
                  <column width="100%">
                    <sections>
                      <section showlabel="false" showbar="false" columns="1111" id="{4f67ffbe-aab5-4f26-ba23-1da7da1e0e11}">
                        <labels>
                          <label description="Section" languagecode="1033" />
                        </labels>
                        <rows>
                          <row>
                            <cell id="{81e0aaea-3ca3-4278-61b5-0618a59c4808}" showlabel="false" colspan="4" auto="false" rowspan="27">
                              <labels>
                                <label description="PowerBIRetentionDashboard" languagecode="1033" />
                              </labels>
                              <control id="WebResource_PowerBIRetentionDashboard" classid="{9FDF5F91-88B1-47f4-AD53-C11EFC01A01D}">
                                <parameters>
                                  <Url>sonoma_/Pages/PowerBIComponent.html</Url>
                                  <Data>type=report&amp;reportid=0bccc4b4-fb4e-4a40-80ab-a0116f6cbd8d&amp;groupid=54632b75-506e-4cc2-94b1-d3348eeb462b</Data>
                                  <PassParameters>false</PassParameters>
                                  <ShowOnMobileClient>true</ShowOnMobileClient>
                                  <Security>false</Security>
                                  <Scrolling>auto</Scrolling>
                                  <Border>true</Border>
                                  <WebResourceId>{26214CD6-A792-E711-80F7-C4346BAC4304}</WebResourceId>
                                </parameters>
                              </control>
                            </cell>
                          </row>
                          <row />
                          <row />
                          <row />
                          <row />
                          <row />
                          <row />
                          <row />
                          <row />
                          <row />
                          <row />
                          <row />
                          <row />
                          <row />
                          <row />
                          <row />
                          <row />
                          <row />
                          <row />
                          <row />
                          <row />
                          <row />
                          <row />
                          <row />
                          <row />
                          <row />
                          <row />
                        </rows>
                      </section>
                    </sections>
                  </column>
                </columns>
              </tab>
            </tabs>
          </form>
        </forms>
      </FormXml>
      <IntroducedVersion>1.0.0.0</IntroducedVersion>
      <IsTabletEnabled>0</IsTabletEnabled>
    </Dashboard>
  </Dashboards>
  <WebResources>
    <WebResource>
      <WebResourceId>{26214cd6-a792-e711-80f7-c4346bac4304}</WebResourceId>
      <Name>sonoma_/Pages/PowerBIComponent.html</Name>
      <DisplayName>/Pages/PowerBIComponent.html</DisplayName>
      <WebResourceType>1</WebResourceType>
      <IntroducedVersion>1.0.0.0</IntroducedVersion>
      <IsEnabledForMobileClient>1</IsEnabledForMobileClient>
      <IsAvailableForMobileOffline>0</IsAvailableForMobileOffline>
      <DependencyXml>&lt;Dependencies&gt;&lt;Dependency componentType="WebResource"/&gt;&lt;/Dependencies&gt;</DependencyXml>
      <FileName>/WebResources/sonoma_PagesPowerBIComponenthtml26214CD6-A792-E711-80F7-C4346BAC4304</FileName>
    </WebResource>
  </WebResources>
  <CustomControls />
  <AppModules>
    <AppModule>
      <UniqueName>cmc_ProjectEngage</UniqueName>
      <IntroducedVersion>1.0.0.32</IntroducedVersion>
      <WebResourceId>953b9fac-1e5e-e611-80d6-00155ded156f</WebResourceId>
      <FormFactor>1</FormFactor>
      <ClientType>4</ClientType>
      <AppModuleComponents>
        <AppModuleComponent type="60" id="{76ce87c8-d1aa-e711-8106-c4346bdc2171}" solutionaction="Added" />
      </AppModuleComponents>
      <AppModuleRoleMaps>
        <Role id="{aaf44bf1-87a9-e711-8105-c4346bdc42d1}" />
        <Role id="{119f245c-3cc8-4b62-b31c-d1a046ced15d}" />
        <Role id="{627090ff-40a3-4053-8790-584edc5be201}" />
        <Role id="{e8fee62f-83a9-e711-8105-c4346bdc42d1}" />
        <Role id="{58dc1e73-dba6-e711-8104-c4346bdc2171}" />
      </AppModuleRoleMaps>
      <LocalizedNames>
        <LocalizedName description="CampusNexus Engage" languagecode="1033" />
      </LocalizedNames>
    </AppModule>
    <AppModule>
      <UniqueName>cmc_StudentSuccess</UniqueName>
      <IntroducedVersion>1.0.0.57</IntroducedVersion>
      <WebResourceId>953b9fac-1e5e-e611-80d6-00155ded156f</WebResourceId>
      <FormFactor>1</FormFactor>
      <ClientType>2</ClientType>
      <AppModuleComponents>
        <AppModuleComponent type="60" id="{76ce87c8-d1aa-e711-8106-c4346bdc2171}" solutionaction="Added" />
      </AppModuleComponents>
      <AppModuleRoleMaps>
        <Role id="{119f245c-3cc8-4b62-b31c-d1a046ced15d}" />
        <Role id="{627090ff-40a3-4053-8790-584edc5be201}" />
      </AppModuleRoleMaps>
      <LocalizedNames>
        <LocalizedName description="Student Success" languagecode="1033" />
      </LocalizedNames>
      <Descriptions>
        <Description description="CampusNexus Engage - Student Success" languagecode="1033" />
      </Descriptions>
    </AppModule>
  </AppModules>
  <EntityDataProviders />
  <Languages>
    <Language>1033</Language>
  </Languages>
</ImportExportXml>