﻿<?xml version="1.0" encoding="utf-8"?>
<ImportExportXml xmlns:xsi="http://www.w3.org/2001/XMLSchema-instance">
  <Entities>
    <Entity>
      <Name LocalizedName="Survey Activity" OriginalName="Survey Activity">msdyn_surveyinvite</Name>
      <EntityInfo>
        <entity Name="msdyn_surveyinvite">
          <attributes>
            <attribute PhysicalName="RegardingObjectId">
              <Type>lookup</Type>
              <Name>regardingobjectid</Name>
              <LogicalName>regardingobjectid</LogicalName>
              <RequiredLevel>none</RequiredLevel>
              <DisplayMask>ValidForAdvancedFind|ValidForForm|ValidForGrid</DisplayMask>
              <ImeMode>auto</ImeMode>
              <ValidForUpdateApi>1</ValidForUpdateApi>
              <ValidForReadApi>1</ValidForReadApi>
              <ValidForCreateApi>1</ValidForCreateApi>
              <IsCustomField>0</IsCustomField>
              <IsAuditEnabled>1</IsAuditEnabled>
              <IsSecured>0</IsSecured>
              <IntroducedVersion>5.0.0.0</IntroducedVersion>
              <IsCustomizable>1</IsCustomizable>
              <IsRenameable>1</IsRenameable>
              <CanModifySearchSettings>1</CanModifySearchSettings>
              <CanModifyRequirementLevelSettings>1</CanModifyRequirementLevelSettings>
              <CanModifyAdditionalSettings>1</CanModifyAdditionalSettings>
              <SourceType>0</SourceType>
              <IsGlobalFilterEnabled>0</IsGlobalFilterEnabled>
              <IsSortableEnabled>0</IsSortableEnabled>
              <CanModifyGlobalFilterSettings>1</CanModifyGlobalFilterSettings>
              <CanModifyIsSortableSettings>1</CanModifyIsSortableSettings>
              <IsDataSourceSecret>0</IsDataSourceSecret>
              <AutoNumberFormat></AutoNumberFormat>
              <LookupStyle>single</LookupStyle>
              <displaynames>
                <displayname description="Regarding" languagecode="1033" />
              </displaynames>
              <Descriptions>
                <Description description="Shows the object that the activity is associated with." languagecode="1033" />
              </Descriptions>
            </attribute>
          </attributes>
        </entity>
      </EntityInfo>
      <SavedQueries>
        <savedqueries>
          <savedquery>
            <IsCustomizable>1</IsCustomizable>
            <CanBeDeleted>1</CanBeDeleted>
            <isquickfindquery>0</isquickfindquery>
            <isprivate>0</isprivate>
            <isdefault>0</isdefault>
            <savedqueryid>{24dc599e-5b9a-e711-8103-c4346bdc42d1}</savedqueryid>
            <layoutxml>
              <grid name="resultset" jump="subject" select="1" preview="1" icon="1">
                <row name="result" id="activityid">
                  <cell name="subject" width="150" />
                  <cell name="msdyn_invitationlink" width="200" imageproviderfunctionname="" imageproviderwebresource="$webresource:" />
                  <cell name="scheduledend" width="125" imageproviderfunctionname="" imageproviderwebresource="$webresource:" />
                </row>
              </grid>
            </layoutxml>
            <querytype>0</querytype>
            <fetchxml>
              <fetch version="1.0" output-format="xml-platform" mapping="logical" distinct="false">
                <entity name="msdyn_surveyinvite">
                  <attribute name="subject" />
                  <attribute name="msdyn_invitationlink" />
                  <attribute name="scheduledend" />
                  <order attribute="scheduledend" descending="false" />
                  <filter type="and">
                    <condition attribute="statecode" operator="in">
                      <value>0</value>
                      <value>3</value>
                    </condition>
                    <filter type="or">
                      <condition attribute="scheduledend" operator="today" />
                      <condition attribute="scheduledend" operator="next-x-years" value="100" />
                      <condition attribute="scheduledend" operator="null" />
                    </filter>
                  </filter>
                  <attribute name="activityid" />
                </entity>
              </fetch>
            </fetchxml>
            <IntroducedVersion>1.0.0.13</IntroducedVersion>
            <LocalizedNames>
              <LocalizedName description="Portal Survey Activities" languagecode="1033" />
            </LocalizedNames>
          </savedquery>
          <savedquery>
            <IsCustomizable>1</IsCustomizable>
            <CanBeDeleted>1</CanBeDeleted>
            <isquickfindquery>0</isquickfindquery>
            <isprivate>0</isprivate>
            <isdefault>0</isdefault>
            <savedqueryid>{c184f8c7-e1a7-e711-8103-c4346bdc42d1}</savedqueryid>
            <layoutxml>
              <grid name="resultset" jump="subject" select="1" preview="1" icon="1">
                <row name="result" id="activityid">
                  <cell name="subject" width="150" />
                  <cell name="msdyn_invitationlink" width="200" imageproviderfunctionname="" imageproviderwebresource="$webresource:" />
                </row>
              </grid>
            </layoutxml>
            <querytype>0</querytype>
            <fetchxml>
              <fetch version="1.0" output-format="xml-platform" mapping="logical" distinct="false">
                <entity name="msdyn_surveyinvite">
                  <attribute name="subject" />
                  <attribute name="msdyn_invitationlink" />
                  <order attribute="subject" descending="false" />
                  <filter type="and">
                    <condition attribute="statecode" operator="in">
                      <value>0</value>
                      <value>3</value>
                    </condition>
                    <filter type="or">
                      <condition attribute="scheduledend" operator="today" />
                      <condition attribute="scheduledend" operator="next-x-years" value="100" />
                      <condition attribute="scheduledend" operator="null" />
                    </filter>
                  </filter>
                  <attribute name="activityid" />
                </entity>
              </fetch>
            </fetchxml>
            <IntroducedVersion>1.0.0.19</IntroducedVersion>
            <LocalizedNames>
              <LocalizedName description="Portal Home Survey Activities" languagecode="1033" />
            </LocalizedNames>
          </savedquery>
        </savedqueries>
      </SavedQueries>
      <RibbonDiffXml>
        <CustomActions />
        <Templates>
          <RibbonTemplates Id="Mscrm.Templates"></RibbonTemplates>
        </Templates>
        <CommandDefinitions />
        <RuleDefinitions>
          <TabDisplayRules />
          <DisplayRules />
          <EnableRules />
        </RuleDefinitions>
        <LocLabels />
      </RibbonDiffXml>
    </Entity>
    <Entity>
      <Name LocalizedName="Survey Response" OriginalName="Survey Response">msdyn_surveyresponse</Name>
      <RibbonDiffXml>
        <CustomActions />
        <Templates>
          <RibbonTemplates Id="Mscrm.Templates"></RibbonTemplates>
        </Templates>
        <CommandDefinitions />
        <RuleDefinitions>
          <TabDisplayRules />
          <DisplayRules />
          <EnableRules />
        </RuleDefinitions>
        <LocLabels />
      </RibbonDiffXml>
    </Entity>
  </Entities>
  <Roles />
  <Workflows />
  <FieldSecurityProfiles />
  <Templates />
  <EntityMaps />
  <EntityRelationships>
    <EntityRelationship Name="cmc_todo_msdyn_surveyinvites">
      <EntityRelationshipType>OneToMany</EntityRelationshipType>
      <IsCustomizable>1</IsCustomizable>
      <IntroducedVersion>1.0.0.0</IntroducedVersion>
      <IsHierarchical>0</IsHierarchical>
      <ReferencingEntityName>msdyn_surveyinvite</ReferencingEntityName>
      <ReferencedEntityName>cmc_todo</ReferencedEntityName>
      <CascadeAssign>Cascade</CascadeAssign>
      <CascadeDelete>Cascade</CascadeDelete>
      <CascadeReparent>Cascade</CascadeReparent>
      <CascadeShare>Cascade</CascadeShare>
      <CascadeUnshare>Cascade</CascadeUnshare>
      <ReferencingAttributeName>RegardingObjectId</ReferencingAttributeName>
      <RelationshipDescription>
        <Descriptions>
          <Description description="Shows the object that the activity is associated with." languagecode="1033" />
        </Descriptions>
      </RelationshipDescription>
    </EntityRelationship>
  </EntityRelationships>
  <OrganizationSettings />
  <optionsets />
  <WebResources>
    <WebResource>
      <WebResourceId>{ec2c1011-2028-e811-a95e-000d3a14b26e}</WebResourceId>
      <Name>cmc_/dist/App/Forms/msdyn_surveyinvite.js</Name>
      <DisplayName>msdyn_surveyinvite.js</DisplayName>
      <LanguageCode>1033</LanguageCode>
      <WebResourceType>3</WebResourceType>
      <IntroducedVersion>1.0.0.50</IntroducedVersion>
      <IsEnabledForMobileClient>0</IsEnabledForMobileClient>
      <IsAvailableForMobileOffline>0</IsAvailableForMobileOffline>
      <DependencyXml>&lt;Dependencies&gt;&lt;Dependency componentType="WebResource"/&gt;&lt;/Dependencies&gt;</DependencyXml>
      <IsCustomizable>1</IsCustomizable>
      <CanBeDeleted>1</CanBeDeleted>
      <IsHidden>0</IsHidden>
      <FileName>/WebResources/cmc_distAppFormsmsdyn_surveyinvitejsEC2C1011-2028-E811-A95E-000D3A14B26E</FileName>
    </WebResource>
  </WebResources>
  <CustomControls />
  <EntityDataProviders />
  <Languages>
    <Language>1033</Language>
  </Languages>
</ImportExportXml>