﻿<?xml version="1.0" encoding="utf-8"?>
<ImportExportXml version="9.0.2.761" SolutionPackageVersion="9.0" languagecode="1033" generatedBy="CrmLive" xmlns:xsi="http://www.w3.org/2001/XMLSchema-instance">
  <SolutionManifest>
    <UniqueName>CampusManagementExtended</UniqueName>
    <LocalizedNames>
      <LocalizedName description="Campus Management Extended" languagecode="1033" />
    </LocalizedNames>
    <Descriptions>
      <Description description="A Campus Management Solution Extended for Microsoft Dynamics 365 that provide the actionable insight and engagement tools for institution needs to drive student and institutional success." languagecode="1033" />
    </Descriptions>
    <Version>0.6.0.102</Version>
    <Managed>1</Managed>
    <Publisher>
      <UniqueName>campusmanagement</UniqueName>
      <LocalizedNames>
        <LocalizedName description="Campus Management Corp." languagecode="1033" />
      </LocalizedNames>
      <Descriptions />
      <EMailAddress xsi:nil="true"></EMailAddress>
      <SupportingWebsiteUrl xsi:nil="true"></SupportingWebsiteUrl>
      <CustomizationPrefix>cmc</CustomizationPrefix>
      <CustomizationOptionValuePrefix>17549</CustomizationOptionValuePrefix>
      <Addresses>
        <Address>
          <AddressNumber>1</AddressNumber>
          <AddressTypeCode>1</AddressTypeCode>
          <City xsi:nil="true"></City>
          <County xsi:nil="true"></County>
          <Country xsi:nil="true"></Country>
          <Fax xsi:nil="true"></Fax>
          <FreightTermsCode xsi:nil="true"></FreightTermsCode>
          <ImportSequenceNumber xsi:nil="true"></ImportSequenceNumber>
          <Latitude xsi:nil="true"></Latitude>
          <Line1 xsi:nil="true"></Line1>
          <Line2 xsi:nil="true"></Line2>
          <Line3 xsi:nil="true"></Line3>
          <Longitude xsi:nil="true"></Longitude>
          <Name xsi:nil="true"></Name>
          <PostalCode xsi:nil="true"></PostalCode>
          <PostOfficeBox xsi:nil="true"></PostOfficeBox>
          <PrimaryContactName xsi:nil="true"></PrimaryContactName>
          <ShippingMethodCode>1</ShippingMethodCode>
          <StateOrProvince xsi:nil="true"></StateOrProvince>
          <Telephone1 xsi:nil="true"></Telephone1>
          <Telephone2 xsi:nil="true"></Telephone2>
          <Telephone3 xsi:nil="true"></Telephone3>
          <TimeZoneRuleVersionNumber xsi:nil="true"></TimeZoneRuleVersionNumber>
          <UPSZone xsi:nil="true"></UPSZone>
          <UTCOffset xsi:nil="true"></UTCOffset>
          <UTCConversionTimeZoneCode xsi:nil="true"></UTCConversionTimeZoneCode>
        </Address>
        <Address>
          <AddressNumber>2</AddressNumber>
          <AddressTypeCode>1</AddressTypeCode>
          <City xsi:nil="true"></City>
          <County xsi:nil="true"></County>
          <Country xsi:nil="true"></Country>
          <Fax xsi:nil="true"></Fax>
          <FreightTermsCode xsi:nil="true"></FreightTermsCode>
          <ImportSequenceNumber xsi:nil="true"></ImportSequenceNumber>
          <Latitude xsi:nil="true"></Latitude>
          <Line1 xsi:nil="true"></Line1>
          <Line2 xsi:nil="true"></Line2>
          <Line3 xsi:nil="true"></Line3>
          <Longitude xsi:nil="true"></Longitude>
          <Name xsi:nil="true"></Name>
          <PostalCode xsi:nil="true"></PostalCode>
          <PostOfficeBox xsi:nil="true"></PostOfficeBox>
          <PrimaryContactName xsi:nil="true"></PrimaryContactName>
          <ShippingMethodCode>1</ShippingMethodCode>
          <StateOrProvince xsi:nil="true"></StateOrProvince>
          <Telephone1 xsi:nil="true"></Telephone1>
          <Telephone2 xsi:nil="true"></Telephone2>
          <Telephone3 xsi:nil="true"></Telephone3>
          <TimeZoneRuleVersionNumber xsi:nil="true"></TimeZoneRuleVersionNumber>
          <UPSZone xsi:nil="true"></UPSZone>
          <UTCOffset xsi:nil="true"></UTCOffset>
          <UTCConversionTimeZoneCode xsi:nil="true"></UTCConversionTimeZoneCode>
        </Address>
      </Addresses>
    </Publisher>
    <RootComponents>
      <RootComponent type="1" schemaName="msdyn_surveyinvite" behavior="2" />
      <RootComponent type="1" schemaName="msdyn_surveyresponse" behavior="2" />
      <RootComponent type="60" id="{0813d8b9-58fe-e111-a227-00155d230e13}" behavior="0" />
      <RootComponent type="60" id="{31dbaf65-57fe-e111-a227-00155d230e13}" behavior="0" />
      <RootComponent type="60" id="{3ac59837-f6c5-e111-a6b5-00155d230e08}" behavior="0" />
      <RootComponent type="60" id="{48dc677c-4b92-e211-8ead-00155d230e1c}" behavior="0" />
      <RootComponent type="60" id="{71a5f6c1-5afe-e111-a227-00155d230e13}" behavior="0" />
      <RootComponent type="60" id="{854b1705-4a92-e211-8ead-00155d230e1c}" behavior="0" />
      <RootComponent type="60" id="{f6f62b48-4892-e211-8ead-00155d230e1c}" behavior="0" />
      <RootComponent type="60" id="{fd1adb55-c194-e311-9438-415645000030}" behavior="0" />
      <RootComponent type="61" schemaName="cmc_/dist/App/Forms/msdyn_surveyinvite.js" behavior="0" />
    </RootComponents>
    <MissingDependencies>
      <MissingDependency>
        <Required key="0" type="1" schemaName="msdyn_surveyinvite" displayName="Survey Activity" solution="VoiceOfTheCustomer (9.0.1162.11)" />
        <Dependent key="0" type="1" schemaName="msdyn_surveyinvite" displayName="Survey Activity" />
      </MissingDependency>
      <MissingDependency>
        <Required key="1" type="1" schemaName="msdyn_surveyresponse" displayName="Survey Response" solution="VoiceOfTheCustomer (9.0.1162.11)" />
        <Dependent key="1" type="1" schemaName="msdyn_surveyresponse" displayName="Survey Response" />
      </MissingDependency>
      <MissingDependency>
        <Required key="2" type="2" schemaName="msdyn_invitationlink" displayName="Invitation Link" parentSchemaName="msdyn_surveyinvite" parentDisplayName="Survey Activity" solution="VoiceOfTheCustomer (9.0.1162.11)" />
        <Dependent key="3" type="26" schemaName="Portal Home Survey Activities" displayName="Portal Home Survey Activities" parentSchemaName="msdyn_surveyinvite" parentDisplayName="Survey Activity" id="{c184f8c7-e1a7-e711-8103-c4346bdc42d1}" />
      </MissingDependency>
      <MissingDependency>
        <Required key="4" type="2" schemaName="scheduledend" displayName="Due Date" parentSchemaName="msdyn_surveyinvite" parentDisplayName="Survey Activity" solution="VoiceOfTheCustomer (9.0.1162.11)" />
        <Dependent key="3" type="26" schemaName="Portal Home Survey Activities" displayName="Portal Home Survey Activities" parentSchemaName="msdyn_surveyinvite" parentDisplayName="Survey Activity" id="{c184f8c7-e1a7-e711-8103-c4346bdc42d1}" />
      </MissingDependency>
      <MissingDependency>
        <Required key="5" type="2" schemaName="subject" displayName="Subject" parentSchemaName="msdyn_surveyinvite" parentDisplayName="Survey Activity" solution="VoiceOfTheCustomer (9.0.1162.11)" />
        <Dependent key="3" type="26" schemaName="Portal Home Survey Activities" displayName="Portal Home Survey Activities" parentSchemaName="msdyn_surveyinvite" parentDisplayName="Survey Activity" id="{c184f8c7-e1a7-e711-8103-c4346bdc42d1}" />
      </MissingDependency>
      <MissingDependency>
        <Required key="6" type="2" schemaName="activityid" displayName="Activity" parentSchemaName="msdyn_surveyinvite" parentDisplayName="Survey Activity" solution="Active" />
        <Dependent key="3" type="26" schemaName="Portal Home Survey Activities" displayName="Portal Home Survey Activities" parentSchemaName="msdyn_surveyinvite" parentDisplayName="Survey Activity" id="{c184f8c7-e1a7-e711-8103-c4346bdc42d1}" />
      </MissingDependency>
      <MissingDependency>
        <Required key="7" type="2" schemaName="statecode" displayName="Activity Status" parentSchemaName="msdyn_surveyinvite" parentDisplayName="Survey Activity" solution="VoiceOfTheCustomer (9.0.1162.11)" />
        <Dependent key="3" type="26" schemaName="Portal Home Survey Activities" displayName="Portal Home Survey Activities" parentSchemaName="msdyn_surveyinvite" parentDisplayName="Survey Activity" id="{c184f8c7-e1a7-e711-8103-c4346bdc42d1}" />
      </MissingDependency>
      <MissingDependency>
        <Required key="5" type="2" schemaName="subject" displayName="Subject" parentSchemaName="msdyn_surveyinvite" parentDisplayName="Survey Activity" solution="VoiceOfTheCustomer (9.0.1162.11)" />
        <Dependent key="8" type="26" schemaName="Portal Survey Activities" displayName="Portal Survey Activities" parentSchemaName="msdyn_surveyinvite" parentDisplayName="Survey Activity" id="{24dc599e-5b9a-e711-8103-c4346bdc42d1}" />
      </MissingDependency>
      <MissingDependency>
        <Required key="4" type="2" schemaName="scheduledend" displayName="Due Date" parentSchemaName="msdyn_surveyinvite" parentDisplayName="Survey Activity" solution="VoiceOfTheCustomer (9.0.1162.11)" />
        <Dependent key="8" type="26" schemaName="Portal Survey Activities" displayName="Portal Survey Activities" parentSchemaName="msdyn_surveyinvite" parentDisplayName="Survey Activity" id="{24dc599e-5b9a-e711-8103-c4346bdc42d1}" />
      </MissingDependency>
      <MissingDependency>
        <Required key="7" type="2" schemaName="statecode" displayName="Activity Status" parentSchemaName="msdyn_surveyinvite" parentDisplayName="Survey Activity" solution="VoiceOfTheCustomer (9.0.1162.11)" />
        <Dependent key="8" type="26" schemaName="Portal Survey Activities" displayName="Portal Survey Activities" parentSchemaName="msdyn_surveyinvite" parentDisplayName="Survey Activity" id="{24dc599e-5b9a-e711-8103-c4346bdc42d1}" />
      </MissingDependency>
      <MissingDependency>
        <Required key="6" type="2" schemaName="activityid" displayName="Activity" parentSchemaName="msdyn_surveyinvite" parentDisplayName="Survey Activity" solution="Active" />
        <Dependent key="8" type="26" schemaName="Portal Survey Activities" displayName="Portal Survey Activities" parentSchemaName="msdyn_surveyinvite" parentDisplayName="Survey Activity" id="{24dc599e-5b9a-e711-8103-c4346bdc42d1}" />
      </MissingDependency>
      <MissingDependency>
        <Required key="2" type="2" schemaName="msdyn_invitationlink" displayName="Invitation Link" parentSchemaName="msdyn_surveyinvite" parentDisplayName="Survey Activity" solution="VoiceOfTheCustomer (9.0.1162.11)" />
        <Dependent key="8" type="26" schemaName="Portal Survey Activities" displayName="Portal Survey Activities" parentSchemaName="msdyn_surveyinvite" parentDisplayName="Survey Activity" id="{24dc599e-5b9a-e711-8103-c4346bdc42d1}" />
      </MissingDependency>
      <MissingDependency>
        <Required key="0" type="1" schemaName="msdyn_surveyinvite" displayName="Survey Activity" solution="VoiceOfTheCustomer (9.0.1162.11)" />
        <Dependent key="9" type="10" schemaName="cmc_todo_msdyn_surveyinvites" displayName="cmc_todo_msdyn_surveyinvites" parentSchemaName="msdyn_surveyinvite" parentDisplayName="Survey Activity" />
      </MissingDependency>
      <MissingDependency>
        <Required key="10" type="60" displayName="Voice of the Customer - Main dashboard" solution="VoiceOfTheCustomer (9.0.1162.11)" id="{3ac59837-f6c5-e111-a6b5-00155d230e08}" />
        <Dependent key="10" type="60" displayName="Voice of the Customer - Main dashboard" id="{3ac59837-f6c5-e111-a6b5-00155d230e08}" />
      </MissingDependency>
      <MissingDependency>
        <Required key="11" type="60" displayName="Voice of the Customer - Responses" solution="VoiceOfTheCustomer (9.0.1162.11)" id="{31dbaf65-57fe-e111-a227-00155d230e13}" />
        <Dependent key="11" type="60" displayName="Voice of the Customer - Responses" id="{31dbaf65-57fe-e111-a227-00155d230e13}" />
      </MissingDependency>
      <MissingDependency>
        <Required key="12" type="60" displayName="Voice of the Customer - Satisfaction by survey" solution="VoiceOfTheCustomer (9.0.1162.11)" id="{0813d8b9-58fe-e111-a227-00155d230e13}" />
        <Dependent key="12" type="60" displayName="Voice of the Customer - Satisfaction by survey" id="{0813d8b9-58fe-e111-a227-00155d230e13}" />
      </MissingDependency>
      <MissingDependency>
        <Required key="13" type="60" displayName="Voice of the Customer - Overall satisfaction" solution="VoiceOfTheCustomer (9.0.1162.11)" id="{71a5f6c1-5afe-e111-a227-00155d230e13}" />
        <Dependent key="13" type="60" displayName="Voice of the Customer - Overall satisfaction" id="{71a5f6c1-5afe-e111-a227-00155d230e13}" />
      </MissingDependency>
      <MissingDependency>
        <Required key="14" type="60" displayName="Voice of the Customer - NPS" solution="VoiceOfTheCustomer (9.0.1162.11)" id="{f6f62b48-4892-e211-8ead-00155d230e1c}" />
        <Dependent key="14" type="60" displayName="Voice of the Customer - NPS" id="{f6f62b48-4892-e211-8ead-00155d230e1c}" />
      </MissingDependency>
      <MissingDependency>
        <Required key="15" type="60" displayName="Voice of the Customer - Customer Effort Score (CES)" solution="VoiceOfTheCustomer (9.0.1162.11)" id="{854b1705-4a92-e211-8ead-00155d230e1c}" />
        <Dependent key="15" type="60" displayName="Voice of the Customer - Customer Effort Score (CES)" id="{854b1705-4a92-e211-8ead-00155d230e1c}" />
      </MissingDependency>
      <MissingDependency>
        <Required key="16" type="60" displayName="Voice of the Customer - Responses Analysed By Question" solution="VoiceOfTheCustomer (9.0.1162.11)" id="{48dc677c-4b92-e211-8ead-00155d230e1c}" />
        <Dependent key="16" type="60" displayName="Voice of the Customer - Responses Analysed By Question" id="{48dc677c-4b92-e211-8ead-00155d230e1c}" />
      </MissingDependency>
      <MissingDependency>
        <Required key="17" type="60" displayName="Voice of the Customer - Facial Expressions" solution="VoiceOfTheCustomer (9.0.1162.11)" id="{fd1adb55-c194-e311-9438-415645000030}" />
        <Dependent key="17" type="60" displayName="Voice of the Customer - Facial Expressions" id="{fd1adb55-c194-e311-9438-415645000030}" />
      </MissingDependency>
      <MissingDependency>
        <Required key="18" type="61" schemaName="msdyn_/SurveyForms/Images/Invitation.svg" displayName="msdyn_/SurveyForms/Images/Invitation.svg" solution="VoiceOfTheCustomer (9.0.1162.11)" />
        <Dependent key="0" type="1" schemaName="msdyn_surveyinvite" displayName="Survey Activity" />
      </MissingDependency>
      <MissingDependency>
        <Required key="19" type="61" schemaName="msdyn_/SurveyForms/Images/Invitation16.png" displayName="msdyn_/SurveyForms/Images/Invitation16.png" solution="VoiceOfTheCustomer (9.0.1162.11)" />
        <Dependent key="0" type="1" schemaName="msdyn_surveyinvite" displayName="Survey Activity" />
      </MissingDependency>
      <MissingDependency>
        <Required key="20" type="61" schemaName="msdyn_/SurveyForms/Images/Invitation32.png" displayName="msdyn_/SurveyForms/Images/Invitation32.png" solution="VoiceOfTheCustomer (9.0.1162.11)" />
        <Dependent key="0" type="1" schemaName="msdyn_surveyinvite" displayName="Survey Activity" />
      </MissingDependency>
    </MissingDependencies>
  </SolutionManifest>
</ImportExportXml>